ResourceID,External Cross Reference Notes,Storage Area Name,Journal or Series Volume Description,Title Type,Quantity,Contributor,Publisher Name,Creator,Road or Street Name,Archive Description Type,Repository Name,Subjects,Archive End Date,Journal or Series Name,Resource ID,Copyright Description,Archive Description text,Extent Measurement Unit,Amender,Archive Start Date,Number in Road or Street,Archive Source Format,Source Title,Archive Source Type,Publication Location Name,Periods,External Cross Reference Number,Language,Postal Code,Language,External Cross Reference Source,Copyright Type,Journal or Series Pages,Date of Publication,File,Statement of Responsibility
00eccc49-002f-46d9-bf0b-e225214d81a5,,,,,,,,,,,,,,,,,,,,,,,"John of Gaunts Mansion, Lincoln",Drawing,,,1806,,,,Lincoln Heritage Database Sources,,,1840,,"Buckler, J. C."
01ef313b-1d57-4ab1-ba77-8534e446ef68,,,,,,,,,,,,,1786,,,,,,,1784,,,"Lincoln, Bishops Palace. Alnwick Tower from the south west",Drawing,,,2635,,,,Lincoln Heritage Database Sources,,,,,"Grimm, Samuel Hieronymous"
02841d5f-9db4-4869-8d88-bf7ece645aea,,,,,,,,,,,,,,,,,,,,,,,"Lincoln, New St Marks Church",Drawing,,,1504,,,,Lincoln Heritage Database Sources,,,1786,,"Grimm, Samuel Hieronymous"
036f0c17-a9f9-4074-87a0-50e44c611771,,,,,,,,,,,,,,,,,,,,,,,"Voluntary Observations of interventions by staff of the Heritage Team, Lincoln City Council.",Card Index,,,1569,,,,Lincoln Heritage Database Sources,,,,,
03b29372-0816-4df6-b363-ce1a54e12f77,,,,,,,Trustees of British Museum,,,,,,,,,,,,,,,,"Catalogue of the Romano-British iron tools, fittings and weapons in the British Museum",Catalogue,,,680,,,,Lincoln Heritage Database Sources,,,1985,,"Manning, W. H."
0472701a-9893-487b-8ac6-84700bd404ce,,,,,,,,,,,The National Archives,,,,,,In National Archives MPC 1/275. Digital copy in file,,,,,,"A Plan of the Castle of Lincoln (Plan of Lincoln Castle, Lincolnshire, and buildings and lands outside of the castle walls belonging to the Duchy of Lancaster)",Map,,,2950,,,,Lincoln Heritage Database Sources,,,1812,,Jonathan Teal & Son
0a79f689-8ab4-40d6-87e1-b1d389630bcc,,,,,,,,,,,,,1930,,,,,,,1819,,,"Plan of the City of Lincoln, from a Survey made by Jas S Padley, 1819",Map,,,1148,,,,Lincoln Heritage Database Sources,,,,,"Padley, James Sandby"
0aff89d7-911d-46f2-b5af-167530877595,,,,,,,,,,,Lincoln Museum,,,,,,In Lincoln Museum,,,,,,"Mosaic/tessellated floor, Exchequergate (painting)",Painting,,,1760,,,,Lincoln Heritage Database Sources,,,1879,,"Hewitt, B. A."
0b72f986-4447-476d-91a8-fbbfa29253a4,,,,,,,,,,,,,,,,,,,,,,,Boultham Hall Estate Lincoln,Map,,,2132,,,,Lincoln Heritage Database Sources,,,1916,,Naylor and Sale
0c6ef715-efcb-431c-a6bd-2dce5c72dcac,,,,,,,,,,,,,1788,,,,,,,1784,,,"Lincoln, part of the old house near St Peter at Gowts",Drawing,,,2665,,,,Lincoln Heritage Database Sources,,,,,"Grimm, Samuel Hieronymous"
0e0b31c9-f3ac-4f9c-b0ce-3bc365fd8c01,,,,,,,,,,,,,,,,,,,,,,,Plan of the Parish of St Mary Magdalene in the City of Lincoln,Map,,,2134,,,,Lincoln Heritage Database Sources,,,1851,,"Betham, E."
0e5c03fa-a40f-46bc-be17-6d4235f09928,,,,,,,,,,,,,,,,,,,,,,,"Brayford Head, 1790. A drawing",Drawing,,,1486,,,,Lincoln Heritage Database Sources,,,1790,,"Nutter, W."
16f61775-5287-4270-b5b0-859014c52b3a,,,,,,,,,,,,,1848,,,,,,,1817,,,Map of Lincoln,Map,,,1151,,,,Lincoln Heritage Database Sources,,,,,"Marrat, William"
19022338-32fb-41d5-89f3-93307aa66b25,,,,,,,The Friends of Lincoln Cathedral,,,,,,,,,,,,,,,,St Hugh of Lincoln,Leaflet,,,1873,,,,Lincoln Heritage Database Sources,,,1972,,"Froude, J. A."
19fe22ca-b845-453a-9cc4-39080af72526,,,,,,,Ordnance Survey,,,,,,1933,,,,,,,1921,,,1:10560 map of Lincoln,Map,,,745,,,,Lincoln Heritage Database Sources,,,,,Ordnance Survey
1a15769f-54ee-4636-ad5a-029a41ae57e1,,,,,,,,,,,,,1786,,,,,,,1784,,,Lincoln from the Bishops Palace from the north-east,Drawing,,,1499,,,,Lincoln Heritage Database Sources,,,,,"Grimm, Samuel Hieronymous"
1eff97c7-c378-4a87-b7b6-d240154511f8,,,,,,,Lincolnshire County Council,,,,,,,,,,,,,,,,The Lincoln and Stamford mints in the tenth and eleventh centuries,Leaflet,,,47,,,,Lincoln Heritage Database Sources,,,1981,,"Blunt, C. E.and Gunstone, A. J. H."
1f6e3458-40ec-4dcf-bf14-c57455f747bc,,,,,,,,,,,,,,,,,,,,,,,Survey of Lincoln,Notebook,,,1223,,,,Lincoln Heritage Database Sources,,,,,
200aab34-433a-43ab-92e7-77485cb3e09b,,,,,,,Brookes W & B,,,,,,,,,,,,,,,,"Lincoln Minster, view of Newport Gate",Image,,,1709,,,,Lincoln Heritage Database Sources,,,1853,,"MacKenzie, F."
2045ff96-bba2-4ebd-a99f-5e54f64abfed,,,,,,,,,,,,,,,,,,,,,,,Plan Shewing The Site of The Roman Pavement,Map,,,1672,,,,Lincoln Heritage Database Sources,,,1890,,"Ramsden, B. R."
209ab582-e1b4-4afc-99e2-4322e8ff7180,,,,,,,,,,,,,,,,,,,,,,,Lincs Chronicle 1836,Newspaper Article,,,1171,,,,Lincoln Heritage Database Sources,,,1836,,
2248c062-ba9b-4645-b71a-54c46be72b66,,,,,,,,,,,,,,,,,,,,,,,Old City Wall Discovery. Foundation Revealed in Saltergate,Manuscript,,,2907,,,,Lincoln Heritage Database Sources,,,,,
23d4f9d4-d312-45e5-8db1-2f3b2e037453,,,,,,,,,,,,,,,,,,,,,,,Proposed plan for the Sewerage of the City of Lincoln,Map,,,1518,,,,Lincoln Heritage Database Sources,,,1849,,Lincoln Corporation
244a0b3a-d077-4b6a-8a04-e50e2c190a5e,,,,,,,,,,,,,,,,,,,,,,,Map of the parish of St Mark,Map,,,1539,,,,Lincoln Heritage Database Sources,,,1744,,
259b2098-6e2d-4688-9088-1dbe2e278d37,,,,,,,Morning Post,,,,,,,,,,,,,,,,Morning Post,Newspaper Article,,,2919,,,,Lincoln Heritage Database Sources,,,,,
25a3f998-601d-45c3-8cf4-e9989d49a8cf,,,,,,,,,,,,,,,,,,,,,,,The North View of Lincoln Palace taken from the Top of the Minster,Engraving,,,2122,,,,Lincoln Heritage Database Sources,,,1726,,"Buck, Samuel"
26cde44d-f87d-4ec5-8cd2-2a4d463678da,,,,,,,,,,,,,1788,,,,,,,1784,,,Stonebow from the south,Drawing,,,1512,,,,Lincoln Heritage Database Sources,,,,,"Grimm, Samuel Hieronymous"
26ee5843-7fe4-4d37-884a-28cb352f0781,,,,,,,,,,,,,,,,,,,,,,,Lincolnshire Gazette,Newspaper Article,,,1604,,,,Lincoln Heritage Database Sources,,,2001,,Kevin Skaith
26fc75e4-c109-46ca-858c-b49bc3113bb9,,,,,,,,,,,,,,,,,,,,,,,Newport Arch from the south,Drawing,,,1513,,,,Lincoln Heritage Database Sources,,,1784,,"Grimm, Samuel Hieronymous"
28187336-b5c4-4432-b6db-18561ac18c18,,,,,,,,,,,,,1788,,,,,,,1784,,,Lincoln Cathedral from the east,Drawing,,,2668,,,,Lincoln Heritage Database Sources,,,,,"Grimm, Samuel Hieronymous"
28416d9c-8acd-4f8c-909a-116f441734ea,,,,,,,Ordnance Survey,,,,,,,,,,,,,,,,1:1250 map of Lincoln.,Map,,,1960,,,,Lincoln Heritage Database Sources,,,1967,,Ordnance Survey
2cae82fe-d0d5-486c-ad72-c3b2ef5363a6,,,,,,,The Friends of Lincoln Cathedral,,,,,,,,,,,,,,,,Lincoln Angels,Leaflet,,,1870,,,,Lincoln Heritage Database Sources,,,,,"Gardner, A."
2e76c3a4-852f-460d-974c-4ee8fad2ebe9,,,,,,,,,,,,,,,,,,,,,,,Newport Arch from the north,Image,,,2552,,,,Lincoln Heritage Database Sources,,,,,
306c6b57-e27a-4510-b0fe-89952b4071dd,,,,,,,,,,,,,,,,,,,,,,,A plan of Lands remaining titheable in the Parish of St Peter in Eastgate Lincoln,Map,,,2133,,,,Lincoln Heritage Database Sources,,,1849,,Betham and Son
313a8fc2-7923-4f6b-a806-46ae0241aac3,,,,,,,"Department of Culture, Media and Sport",,,,,,,,,,,,,,,,Revised List of Buildings of Special Architectural or Historic Interest: City of Lincoln. County of Lincolnshire,List of Buildings,,,871,,,,Lincoln Heritage Database Sources,,,1999,,"Department of Culture, Media and Sport"
3153a62d-2326-482b-bb24-cef37ade6649,,,,,,,,,,,,,,,,,,,,,,,Lincolns New Water,Newspaper Article,,,1220,,,,Lincoln Heritage Database Sources,,,1911,,
31b98b18-c3bc-49b7-86a9-9188491b6054,,,,,,,,,,,,,1786,,,,,,,1784,,,Church of St Botolph,Drawing,,,1506,,,,Lincoln Heritage Database Sources,,,,,"Grimm, Samuel Hieronymous"
323d703e-cad6-4cfc-a15d-ad72065adec7,,,,,,,,,,,,,,,,,,,,,,,The Lincoln Gas Light and Coke Co Ltd,Manuscript,,,1219,,,,Lincoln Heritage Database Sources,,,,,
324b7c74-2e95-4e44-9181-b89900410ce8,,,,,,,,,,,,,,,,,,,,,,,Greyfriars,Drawing,,,2067,,,,Lincoln Heritage Database Sources,,,1725,,Buck
34c002ec-b510-4d15-8921-a2132cc6fbd8,,,,,,,,,,,,,1788,,,,,,,1784,,,"Lincoln, St Pauls Church",Drawing,,,2660,,,,Lincoln Heritage Database Sources,,,,,"Grimm, Samuel Hieronymous"
34ed40cf-b16d-4a7e-90c4-e332d055bfd6,,,,,,,,,,,,,1786,,,,,,,1784,,,"Lincoln, St Martins church",Drawing,,,1507,,,,Lincoln Heritage Database Sources,,,,,"Grimm, Samuel Hieronymous"
35d1bdc6-90d9-4678-9799-60171f9312b9,,,,,,,,,,,,,,,,,,,,,,,Lincs Chronicle 1836,Newspaper Article,,,1759,,,,Lincoln Heritage Database Sources,,,1836,,
36e5a8f2-9a07-4d2b-886b-100373cf359f,,,,,,,Ordnance Survey,,,,,,,,,,,,,,,,"Reform Act Plan, 2 inches to the mile",Map,,,2555,,,,Lincoln Heritage Database Sources,,,1820,,Ordnance Survey
377e92e1-8955-4009-b45d-369aec3c2c88,,,,,,,,,,,,,1786,,,,,,,1784,,,Mint Wall from the south,Drawing,,,1515,,,,Lincoln Heritage Database Sources,,,,,"Grimm, Samuel Hieronymous"
37f4ba99-6103-4b68-bc16-dfa926412ada,,,,,,,,,,,,,,,,,,,,,,,High Street looking north. A drawing,Drawing,,,1490,,,,Lincoln Heritage Database Sources,,,1818,,"Brooke, William Henry"
3a3596f9-7b24-4967-9ef6-1217692c6a5d,,,,,,,"Gough MSS Collection, Bodleian Library, Oxford",,,,,,,,,,,,,,,,"Adversaria, or collections for an history of the city of Lincoln",Manuscript,,,461,,,,Lincoln Heritage Database Sources,,,1737,,"Sympson, T."
3b2d03ed-7630-4946-b7c7-2be56a93f4d5,,,,,,,,,,,,,1786,,,,,,,1784,,,"Lincoln, houses of the Sub-dean and precentor",Drawing,,,2648,,,,Lincoln Heritage Database Sources,,,,,"Grimm, Samuel Hieronymous"
3b7540cb-78b3-46f5-9911-cc89258a90c4,,,,,,,,,,,,,,,,,Copy in LAO ref L. Linc.373 Gart. Typescript in 6 vols,,,,,,Draft History (of Greyfriars),Manuscript,,,2062,,,,Lincoln Heritage Database Sources,,,1983,,"Garton, C."
3e083e3d-13e6-40df-8542-5a8713ae72cf,,,,,,,Ordnance Survey,,,,,,,,,,,,,,,,Municipal Corporations Act Plan. Four inches to the mile,Map,,,1939,,,,Lincoln Heritage Database Sources,,,1835,,"Dawson, R. K."
3e839899-bb80-4ead-a38e-8a2c538455af,,,,,,,,,,,,,,,,,,,,,,,Newport Arch from the south,Painting,,,2553,,,,Lincoln Heritage Database Sources,,,1770,,"Drake, N."
3fc39412-27e3-430a-8e75-c1115f455252,,,,,,,,,,,,,,,,,,,,,,,Plan of the City of Lincoln,Map,,,1236,,,,Lincoln Heritage Database Sources,,,1883,,"Padley, J. S."
41200793-be42-4fa8-bf0e-ed45b512debc,,,,,,,The Friends of Lincoln Cathedral,,,,,,,,,,,,,,,,Robert Grosseteste Bishop of Lincoln (1235-53),Leaflet,,,1871,,,,Lincoln Heritage Database Sources,,,1966,,"Srawley, Rev. Canon J. H."
41a80e76-514c-4ee1-a6af-20a980902c70,,,,,,,Dewhirst and Nichols,,,,,,,,,,,,,,,,Map of the City and Borough of Lincoln,Map,,,1844,,,,Lincoln Heritage Database Sources,,,1839,,Dewhirst and Nichols
420a1a14-5c19-4318-8d6e-e8fa0c1c7127,,,,,,,The Friends of Lincoln Cathedral,,,,,,,,,,,,,,,,"The Book of John de Schalby, Canon of Lincoln 1299-1333, concerning the Bishops of Lincoln and their acts",Leaflet,,,1867,,,,Lincoln Heritage Database Sources,,,1966,,"Srawley, Rev. Canon J. H."
428e6999-790b-41f3-a451-d212c8446d2b,,,,,,,,,,,,,,,,,,,,,,,St Faiths School 1873-1973,Manuscript,,,1662,,,,Lincoln Heritage Database Sources,,,1973,,"Gowenlock, D."
43692d14-38aa-4206-bf66-e742795ccd61,,,,,,,,,,,,,1786,,,,,,,1784,,,"Lincoln Castle, gateway",Drawing,,,2644,,,,Lincoln Heritage Database Sources,,,,,"Grimm, Samuel Hieronymous"
446ce2b3-fe9a-4cf0-86a5-225ec689b02b,,,,,,,,,,,,,1788,,,,,,,1784,,,"Lincoln, houses of the Chancellor",Drawing,,,2651,,,,Lincoln Heritage Database Sources,,,,,"Grimm, Samuel Hieronymous"
481ba092-8ac5-4a4e-82d9-33bfea53e028,,,,,,,City Museum & Art Gallery,,,,,,,,,,,,,,,,"Greyfriars, Lincoln. An Illustrated Guide to the Building",Leaflet,,,2962,,,,Lincoln Heritage Database Sources,,,,,City and County Museum
48ec9453-a1e4-4038-907c-67fbc71e5e1f,,,,,,,,,,,,,,,,,,,,,,,Lincoln Racecourse,Newspaper Article,,,2204,,,,Lincoln Heritage Database Sources,,,2004,,
4b1914a2-9899-4c1f-9276-8f052ec35f1e,,,,,,,,,,,,,1786,,,,,,,1784,,,Medieval building in unknown location,Drawing,,,1510,,,,Lincoln Heritage Database Sources,,,,,"Grimm, Samuel Hieronymous"
4ba7329f-8dae-4249-8598-2e2304af70ef,,,,,,,,,,,,,,,,,,,,,,,Lincolnshire Echo 1937,Newspaper Article,,,1187,,,,Lincoln Heritage Database Sources,,,1937,,
4cd58d35-e01e-4d17-82f9-c7b762043f05,,,,,,,,,,,,,1786,,,,,,,1784,,,"Lincoln, Cathedral and Castle from the north-west",Drawing,,,1496,,,,Lincoln Heritage Database Sources,,,,,"Grimm, Samuel Hieronymous"
4d1e8035-91f8-4403-8377-c080b861ee89,,,,,,,,,,,,,,,,,,,,,,,Map of Lincoln,Map,,,1155,,,,Lincoln Heritage Database Sources,,,1817,,"Marrat, William"
4e711ccb-7c5d-4330-9709-af7cca6ba467,,,,,,,The Friends of Lincoln Cathedral,,,,,,,,,,,,,,,,"Edward King, Bishop of Lincoln (1885-1910)",Leaflet,,,1875,,,,Lincoln Heritage Database Sources,,,,,"Chadwick, O."
4f9a5102-d213-420e-8dc6-63abdd4e31ba,,,,,,,Lincoln City and County Museum,,,,,,,,,,,,,,,,Museum records,Catalogue,,,1658,,,,Lincoln Heritage Database Sources,,,,,Lincoln City and County Museum
515e9890-2ed1-4969-9666-c1e747e13b3e,,,,,,,Lincolnshire Publishing Company,,,,,,2012,,,,,,,1893,,,Lincolnshire Echo 1893-2012,Newspaper Article,,,1141,,,,Lincoln Heritage Database Sources,,,,,
51af4dc5-fdd5-407a-897d-1e542cf8c61c,,,,,,,Lincoln Central Library,,,,,,,,,,,,,,,,Banks Collection,Collection,,,1739,,,,Lincoln Heritage Database Sources,,,1840,,Joseph Banks
5225f490-8288-424b-aaa1-e91f96e87e84,,,,,,,,,,,,,1788,,,,,,,1784,,,"Roman wall, East Bight",Drawing,,,1514,,,,Lincoln Heritage Database Sources,,,,,"Grimm, Samuel Hieronymous"
5230c182-8396-48ab-8b46-ff571dc6137e,,,,,,,City of Lincoln Archaeology Unit,,,,,,,,,,,,,,,,Observation Notes: card archive on observation notes (Ons) maintained by CLAU,Card Index,,,1473,,,,Lincoln Heritage Database Sources,,,,,
52820538-23a7-4863-b729-ec80ec4eced9,,,,,,,Lincolnshire County Council,,,,,,,,,,,,,,,,Antiquities from the Witham: Anglo-Saxon and Viking,Leaflet,,,511,,,,Lincoln Heritage Database Sources,,,1979,,"White, A. J."
53908238-c16a-4057-9891-6cf1213eb628,,,,,,,Ordnance Survey,,,,,,,,,,,,,,,,1 inch map of Lincolnshire,Map,,,1729,,,,Lincoln Heritage Database Sources,,,1824,,Ordnance Survey
53be4f09-5c41-412d-b021-aeb577cde4dc,,,,,,,,,,,,,1788,,,,,,,1784,,,"Lincoln Cathedral, east front",Drawing,,,2672,,,,Lincoln Heritage Database Sources,,,,,"Grimm, Samuel Hieronymous"
559a6a1c-d7ec-4f81-8506-2948b2aff7ba,,,,,,,Ordnance Survey,,,,,,,,,,,,,,,,1:2500 map of Lincoln,Map,,,1847,,,,Lincoln Heritage Database Sources,,,1948,,Ordnance Survey
565de6c5-d795-4d9d-aa6a-61ad45d4c8bf,,,,,,,,,,,,,,,,,,,,,,,"Plans of Roman Remains discovered in the Bail, Lincoln, June 1884",Map,,,2908,,,,Lincoln Heritage Database Sources,,,1884,,"Hibbitts, L."
56e470ef-1ace-4133-8668-5bd86e8a5553,,,,,,,The Friends of Lincoln Cathedral,,,,,,,,,,,,,,,,Lincoln Cathedral Library,Leaflet,,,1876,,,,Lincoln Heritage Database Sources,,,,,"Griffiths, Rev. D. N."
5b0f7e89-23dd-4ae9-82bf-c4fb7b926ec5,,,,,,,Ordnance Survey,,,,,,,,,,,,,,,,Digital map of Lincoln,Map,,,2043,,,,Lincoln Heritage Database Sources,,,2004,,Ordnance Survey
5dba461b-4609-4101-9dc4-24df71e2e7ee,"<p>Available for consultation from the HER - please contact the Heritage team for more information or to arrange a visit</p>
",,,,,,,,,,,,,,,,,,,,,,Notes on the excavation for sewer works at Lincoln,Manuscript,,,160,,,,Lincoln Heritage Database Sources,,,1888,,"Drury, M."
5e946c65-c714-43df-ac04-cbed99128cef,,,,,,,The Friends of Lincoln Cathedral,,,,,,,,,,,,,,,,Catherine Swynfords Chantry,Leaflet,,,1877,,,,Lincoln Heritage Database Sources,,,,,"Harvey, J. H."
5ffd64b7-78a6-404d-9619-8388686f771b,,,,,,,,,,,,,1788,,,,,,,1784,,,"Lincoln Cathedral, south porch, vaulting",Drawing,,,2669,,,,Lincoln Heritage Database Sources,,,,,"Grimm, Samuel Hieronymous"
60e24e98-ecf6-4c2d-894d-7f9664b76d01,,,,,,,,,,,,,1786,,,,,,,1784,,,"Lincoln, Bishops Palace. Vaulting",Drawing,,,2638,,,,Lincoln Heritage Database Sources,,,,,"Grimm, Samuel Hieronymous"
62f4a58e-497d-4bce-b86f-cb24ded646f9,,,,,,,,,,,,,,,,,,,,,,,City of Lincoln.  Proposed System of Sewerage and Sewerage Utilisation,Map,,,1520,,,,Lincoln Heritage Database Sources,,,1866,,"Tarbotton, M. O."
6368556a-5f15-4871-8feb-b37f1fab3cb9,,,,,,,Lincoln Corporation MSS,,,,,,,,,,,,,,,,White Book of Lincoln,Manuscript,,,509,,,,Lincoln Heritage Database Sources,,,,,
63b1cb64-dd10-4f1a-a7ad-b7d0e5464fc7,,,,,,,,,,,,,,,,,,,,,,,"Plan of a piece of land situate hear Mr Keyworths Wharf in the City of Lincoln, with the adjoining lands etc, surveyed Jan 2nd 1829",Map,,,1805,,,,Lincoln Heritage Database Sources,,,1829,,"Kley, J. S."
63ee360e-bc09-488b-b915-c8bb3f974c92,,,,,,,City of Lincoln Corporation,,,,,,,,,,,,,,,,The City of Lincoln insignia,Photocopy,,,2941,,,,Lincoln Heritage Database Sources,,,1964,,"Hill, Sir F."
645be6e8-2b63-493c-98a2-d76e3d726d4d,,,,,,,,,,,,,,,,,,,,,,,Roman Lincoln; the cemeteries,Manuscript,,,1431,,,,Lincoln Heritage Database Sources,,,,,"Coppack, G."
648cf303-3b26-4c35-977c-93ad97df0cc1,,,,,,,,,,,,,,,,,,,,,,,The Ancient Suburb of Newport Lincoln and The Parishes of St Nicholas and St John Baptist,Picture,,,1448,,,,Lincoln Heritage Database Sources,,,,,"Peltor, Rev. L. F."
650cbc24-513b-47fd-a3d2-baf5ead3381a,,,,,,,Society of Antiquaries,,,,,,,,,,,,,,,,"Notes, drawings etc on Lincoln and Lincolnshire antiquities, etc",Manuscript,,,539,,,,Lincoln Heritage Database Sources,,,,,Willson Collection
6852338f-51ff-4d6f-aafe-db9d92a62b7b,,,,,,,,,,,,,,,,,,,,,,,Newport Arch from the south,Engraving,,,2554,,,,Lincoln Heritage Database Sources,,,1773,,Godfrey
69dbabb0-7c93-401a-8670-54146b7ee90d,,,,,,,,,,,,,,,,,,,,,,,"Plan of The Close, Lincoln",Map,,,2131,,,,Lincoln Heritage Database Sources,,,1869,,"Padley, J. S."
6bc8b213-9084-4342-8511-3c272feff53b,,,,,,,,,,,,,,,,,,,,,,,"Plan and Section of the ROAD 100 yards each side of BAR GATE BRIDGE; in the PARISH of St. BOTOLPH, in the City of Lincoln.",Map,,,1476,,,,Lincoln Heritage Database Sources,,,1833,,
703b3c0c-db67-4f43-83f2-9e4a0e9616c6,,,,,,,,,,,,,,,,,,,,,,,Historical Record of dates of construction etc. Internal document at DP Lincoln City Council. Typescript,Manuscript,,,1536,,,,Lincoln Heritage Database Sources,,,1938,,Lincoln Corporation City Engineers
72197a67-e00d-4c72-b239-5e17b1c77338,,,,,,,,,,,,,1786,,,,,,,1784,,,"Lincoln, Bishops Palace.",Drawing,,,2640,,,,Lincoln Heritage Database Sources,,,,,"Grimm, Samuel Hieronymous"
725ecc03-5e7b-4c74-b5ee-1e6bdf1b2722,,,,,,,The Friends of Lincoln Cathedral,,,,,,,,,,,,,,,,The Origin and Growth of Cathedral Foundations (as illustrated by the Cathedral Church of Lincoln),Leaflet,,,1866,,,,Lincoln Heritage Database Sources,,,1965,,"Srawley, Rev. Canon J. H."
72ed482d-3a61-4c22-8088-09a738f5ed74,,,,,,,Ordnance Survey,,,,,,,,,,,,,,,,Digital map of Lincoln,Map,,,1211,,,,Lincoln Heritage Database Sources,,,2001,,Ordnance Survey
73788c92-0cb5-44ae-91cf-7e7b3d3379b5,,,,,,,City of Lincoln Archaeology Unit,,,,,,,,,,,,,,,,Colour print catalogue (Newport Arch),Catalogue,,,1538,,,,Lincoln Heritage Database Sources,,,2000,,"Trimble, R."
758ed908-6b5a-4c49-93f4-7308d69103af,,,,,,,,,,,,,1788,,,,,,,1784,,,"Lincoln, Norman building",Drawing,,,2655,,,,Lincoln Heritage Database Sources,,,,,"Grimm, Samuel Hieronymous"
759eab16-a65f-4830-85eb-917fa6a696cd,,,,,,,,,,,,,,,,,,,,,,,Determination of burnt bones from Prehistoric Graves,Correspondence,,,700,,,,Lincoln Heritage Database Sources,,,1981,,"Gejvall, N. G."
76ccfd2a-f95e-4a96-893f-991aba25d218,,,,,,,,,,,,,1788,,,,,,,1784,,,"Lincoln, Roman gate near the Chequer",Drawing,,,2653,,,,Lincoln Heritage Database Sources,,,,,"Grimm, Samuel Hieronymous"
773ccb85-2e08-41f3-a7dd-a803923930fc,,,,,,,Unpublished,,,,,,,,,,,,,,,,Box file of notes and cuttings concerning Lincolns theatres,Manuscript,,,2580,,,,Lincoln Heritage Database Sources,,,,,"Cooper, F. J."
782ecc8b-afc0-4bae-8de1-b848b5caa598,,,,,,,Lincolnshire Publishing Company,,,,,,,,,,,,,,,,Lincolnshire in the News,Newspaper Article,,,1429,,,,Lincoln Heritage Database Sources,,,1998,,
785c2a20-20b1-4939-9946-2bf90c022545,,,,,,,,,,,,,,,,,,,,,,,High Street from St Peter at Gowts parish looking north. A drawing,Drawing,,,1488,,,,Lincoln Heritage Database Sources,,,1818,,"Brooke, William Henry"
787d7ed9-f69e-4d8e-9704-21fad85ddd18,,,,,,,"Drury, E. B.",,,,,,,,,,,,,,,,"A Sketch, Illustrative of the Minster and Antiquities of the City of Lincoln",Drawing,,,2744,,,,Lincoln Heritage Database Sources,,,1835,,"Drury, E. B."
788a4ba0-e0df-404c-bab9-dc7ef4a37268,,,,,,,,,,,,,,,,,,,,,,,Plan of the City of Lincoln,Map,,,1235,,,,Lincoln Heritage Database Sources,,,1868,,"Padley, J. S."
7ad7d696-4919-452d-ab35-2046db380884,,,,,,,,,,,,,1786,,,,,,,1784,,,"Lincoln, Vicars College from the south",Drawing,,,2642,,,,Lincoln Heritage Database Sources,,,,,"Grimm, Samuel Hieronymous"
7c984019-47a9-4c71-b363-00d4d8581f27,,,,,,,Ordnance Survey,,,,,,,,,,,,,,,,1:500 Town Plan of Lincoln,Map,,,1154,,,,Lincoln Heritage Database Sources,,,1888,,Ordnance Survey
800609c7-334e-414f-8365-dfd28f0ecfc7,,,,,,,,,,,,,1788,,,,,,,1784,,,"Lincoln, Old St Marks church",Drawing,,,2654,,,,Lincoln Heritage Database Sources,,,,,"Grimm, Samuel Hieronymous"
817f31a8-b2ef-4069-84c4-a6c50c8e45a1,,,,,,,,,,,,,,,,,,,,,,,"Lincoln, St Giles Hospital",Drawing,,,2652,,,,Lincoln Heritage Database Sources,,,1786,,"Grimm, Samuel Hieronymous"
8189cec5-57b1-493d-a5a2-0359abfc0e74,,,,,,,,,,,,,,,,,,,,,,,Plan of the City of Lincoln,Map,,,1149,,,,Lincoln Heritage Database Sources,,,1851,,"Padley, James Sandby"
8234e51f-9dcd-481b-9873-0d2390bbe2e4,,,,,,,,,,,,,,,,,,,,,,,Lincs Chronicle 1844,Newspaper Article,,,2733,,,,Lincoln Heritage Database Sources,,,1844,,
8319ff48-a197-422a-8c21-b7ad8a5d3523,,,,,,,,,,,,,1786,,,,,,,1784,,,"Lincoln, Bishops Palace",Drawing,,,2639,,,,Lincoln Heritage Database Sources,,,,,"Grimm, Samuel Hieronymous"
83c3f269-9c03-4a61-8508-bd39290d68df,,,,,,,,,,,,,,,,,,,,,,,The Fossdyke (map),Map,,,1600,,,,Lincoln Heritage Database Sources,,,1762,,"Grundy, J."
8512fb4d-316c-4bc5-9e99-9026768cf5a4,,,,,,,,,,,,,1788,,,,,,,1784,,,St Paul in the Bail and Cathedral from the north-west,Drawing,,,1497,,,,Lincoln Heritage Database Sources,,,,,"Grimm, Samuel Hieronymous"
86f7e9f4-a6ca-42fa-8b91-d45a92bd0728,,,,,,,,,,,,,,,,,Article on website http://www.photrek.co.uk/greetwell.htm,,,,,,Greetwell Ironstone Mines; a short history,Webpage,,,2025,,,,Lincoln Heritage Database Sources,,,2003,,"Hudson, T."
871d2830-3146-42c9-a309-7e26d016a32f,,,,,,,,,,,,,,,,,,,,,,,Pottergate and section of Close wall from the east,Drawing,,,1511,,,,Lincoln Heritage Database Sources,,,1786,,"Grimm, Samuel Hieronymous"
87462694-7d1f-44d0-9c9d-22a73b6ac103,,,,,,,,,,,,,,,,,,,,,,,Lincs Chronicle 1839,Newspaper Article,,,2730,,,,Lincoln Heritage Database Sources,,,1839,,
87a17e29-209d-459c-85ef-a3b464a4fdda,,,,,,,,,,,,,1788,,,,,,,1784,,,"Lincoln Cathedral, south porch",Drawing,,,2673,,,,Lincoln Heritage Database Sources,,,,,"Grimm, Samuel Hieronymous"
8d69f51f-41bb-4219-bf60-126b79968588,,,,,,,,,,,,,1788,,,,,,,1784,,,"Lincoln, bow window of the old house near St Peter at Gowts",Drawing,,,2666,,,,Lincoln Heritage Database Sources,,,,,"Grimm, Samuel Hieronymous"
8f751d12-aee1-4fec-a5e8-705d6b018f4e,,,,,,,,,,,,,,,,,,,,,,,Plan of the City of Lincoln shewing proposed Sewerage Works as designed by John Lawson. C. E.,Map,,,1519,,,,Lincoln Heritage Database Sources,,,1866,,"Lawson, John"
910c0be1-0891-4ddc-bd77-03cf2ceb4a12,,,,,,,,,,,,,1788,,,,,,,1784,,,"Lincoln, St Swithin and the Freeschool",Drawing,,,2658,,,,Lincoln Heritage Database Sources,,,,,"Grimm, Samuel Hieronymous"
93169f4b-a81b-4dbd-a467-a2801716b629,,,,,,,City of Lincoln Corporation,,,,Lincoln Central Library,,,,,,Lincoln Central Library UP 3650,,,,,,The Central Market. Official opening by the Right Worshipful the Mayor of Lincoln 18th May 1938,Photograph,,,1224,,,,Lincoln Heritage Database Sources,,,1938,,City of Lincoln
944d3f22-b7c3-4208-ba4e-bb611cd95113,,,,,,,,,,,,,,,,,,,,,,,Description of works as at Sep 1935,Manuscript,,,1221,,,,Lincoln Heritage Database Sources,,,1935,,City of Lincoln Water Department
95b5316f-43c7-4ce4-bc3a-158647653627,,,,,,,,,,,,,1786,,,,,,,1784,,,"Lincoln, house of Colonel Bromhead",Drawing,,,1508,,,,Lincoln Heritage Database Sources,,,,,"Grimm, Samuel Hieronymous"
97b29b39-55e0-4655-990b-1ff2265394ce,,,,,,,,,,,,,,,,,,,,,,,Plan of the Parish of Saint Swithin in the City of Lincoln,Map,,,2135,,,,Lincoln Heritage Database Sources,,,1851,,"Betham, E."
9a48e76f-c089-4916-ae99-73b9f6e7326d,,,,,,,Lincolnshire County Council,,,,,,,,,,,,,,,,Antiquities from the Witham: prehistoric and Roman,Leaflet,,,513,,,,Lincoln Heritage Database Sources,,,1979,,"White, A. J."
9acff4ee-4426-45f1-b123-92f874e4fbde,,,,,,,Lincoln Corporation MSS,,,,,,1927,,,,,,,1897,,,Dedication of Private Streets. Public Health Act 1875.,Manuscript,,,2722,,,,Lincoln Heritage Database Sources,,,,,Lincoln Corporation
9aee0eef-8d4e-4009-8210-3673e521ac67,,,,,,,,,,,,,,,,,,,,,,,Lincs Chronicle 1858,Newspaper Article,,,2731,,,,Lincoln Heritage Database Sources,,,1858,,
9c011ef5-8a48-4e58-ad00-753117393f3b,,,,,,,Lincoln Civic Trust,,,,,,,,,,,,,,,,"Outline ground plan of Old Deanery, Eastgate",Map,,,2130,,,,Lincoln Heritage Database Sources,,,1827,,"Bentham, E."
9e67c997-9a28-41af-9a58-8c8bf5b52cda,,,,,,,Lincoln City Council,,,,,,,,,,,,,,,,(Untitled) Yarborough Road; plan of new road,Map,,,2083,,,,Lincoln Heritage Database Sources,,,1879,,City Surveyor
9eed7965-cd19-41a6-be7b-c116bd8d6fa5,,,,,,,,,,,,,1786,,,,,,,1784,,,"Lincoln, Deanery",Drawing,,,2646,,,,Lincoln Heritage Database Sources,,,,,"Grimm, Samuel Hieronymous"
a1931a49-2529-4dcc-9414-f08a184cafda,,,,,,,,,,,,,1788,,,,,,,1784,,,"Lincoln Cathedral, cloisters and chapterhouse",Drawing,,,2671,,,,Lincoln Heritage Database Sources,,,,,"Grimm, Samuel Hieronymous"
a2b2f036-93ce-4804-bf44-301bf8199d1c,,,,,,,The Stationers Company,,,,,,,,,,,,,,,,"Lincoln Cathedral from Brayford, drawn by J OConnor engraved by B Lasbury",Drawing,,,1839,,,,Lincoln Heritage Database Sources,,,1878,,"O'Connor, J."
a2e34db0-b641-4d71-b4ab-0ade0fe27a72,,,,,,,,,,,,,,,,,,,,,,,[Bailgate Colonnade and other Roman discoveries] Plan.,Map,,,1438,,,,Lincoln Heritage Database Sources,,,1903,,"Harding, Cuthbert"
a48de81f-8e7c-45da-a659-c4341bd3ee13,,,,,,,Ordnance Survey,,,,,,,,,,,,,,,,1:2500 map of Lincoln,Map,,,1210,,,,Lincoln Heritage Database Sources,,,1938,,Ordnance Survey
a53a5aa0-4090-4775-bc01-35c9609e9ead,,,,,,,Ordnance Survey,,,,,,,,,,,,,,,,1:1250 map of Lincoln. Surveyed 1971-1992. Epoch 6,Map,,,983,,,,Lincoln Heritage Database Sources,,,1992,,Ordnance Survey
a5489671-c889-40b6-aa05-c29413f84dac,,,,,,,Lincoln Corporation MSS,,,,,,,,,,,,,,,,Lincoln Corporation. Sewerage Works. General Plan.,Manuscript,,,1521,,,,Lincoln Heritage Database Sources,,,1877,,Lincoln Corporation
a9940513-c36f-4242-89b3-e2c6dc5f70af,,,,,,,,,,,,,,,,,,,,,,,Lincolne,Map,,,1206,,,,Lincoln Heritage Database Sources,,,1607,,"Speed, John"
a9aa6d9c-9b03-4029-bea4-cd24b383246c,,,,,,,Unpublished,,,,,,,,,,,,,,,,Remains of Roman Occupancy outside the Walls of Lindum Castrum,Manuscript,,,2093,,,,Lincoln Heritage Database Sources,,,1890,,"Drury, M."
aa558dd7-e280-4a55-800c-fab187c88b1f,,,,,,,Ordnance Survey,,,,,,,,,,,,,,,,Digital map of Lincoln,Map,,,2044,,,,Lincoln Heritage Database Sources,,,2006,,Ordnance Survey
aa8adecb-46f9-4b61-afa4-7ee0b08023cd,,,,,,,,,,,,,1788,,,,,,,1784,,,"Lincoln, houses near the Deanery",Drawing,,,2656,,,,Lincoln Heritage Database Sources,,,,,"Grimm, Samuel Hieronymous"
aa97af4a-27d5-4c9d-8a75-ffba735b4f53,,,,,,,City of Lincoln Corporation,,,,,,,,,,,,,,,,City of Lincoln. Thorn Bridge. Unveiling of the bronze Memorial Tablet  23rd October 1940,Photograph,,,1215,,,,Lincoln Heritage Database Sources,,,1940,,
ab6078c7-db31-41b6-b7f9-551340aee350,,,,,,,Unpublished,,,,,,,,,,,,,,,,Building Applications 1866 onwards,Manuscript,,,1537,,,,Lincoln Heritage Database Sources,,,1866,,Lincoln Urban Sanitary Authority
ae44e24b-6e6b-4fb9-a748-349938ac056c,,,,,,,,,,,,,,,,,,,,,,,Lincs Chronicle 1852,Newspaper Article,,,2735,,,,Lincoln Heritage Database Sources,,,1852,,
b00cff29-af2d-4803-9bd0-7a98711ec793,,,,,,,Lincolnshire County Council,,,,,,,,,,,,,,,,Norman Buildings in Lincoln,Leaflet,,,510,,,,Lincoln Heritage Database Sources,,,1983,,"White, A. J. and Solly, M."
b330811f-c3bd-41c4-a7e1-bb0afd1c7ec0,,,,,,,Ordnance Survey,,,,,,,,,,,,,,,,1:2500 map of Lincoln,Map,,,1599,,,,Lincoln Heritage Database Sources,,,1907,,Ordnance Survey
b4247a4c-ed61-433f-8e45-0e39ca25a714,,,,,,,,,,,,,1786,,,,,,,1784,,,"Lincoln, the new St Pauls Church",Drawing,,,1502,,,,Lincoln Heritage Database Sources,,,,,"Grimm, Samuel Hieronymous"
b661dedf-3452-492c-ab32-b172f4b13969,,,,,,,,,,,,,,,,,,,,,,,"Lincoln from Gowts Bridges, 1790. A drawing",Drawing,,,1485,,,,Lincoln Heritage Database Sources,,,1790,,"Nutter, W."
b850b0b1-750a-4dd2-b1ec-fe3af72deff1,,,,,,,Lincolnshire County Council,,,,,,,,,,,,,,,,Antiquities from the Witham: medieval,Leaflet,,,512,,,,Lincoln Heritage Database Sources,,,1979,,"White, A. J."
b9c42168-b26f-4831-873c-22704bdbeb60,,,,,,,,,,,,,1786,,,,,,,1784,,,"Lincoln, Bishops Palace.",Drawing,,,2641,,,,Lincoln Heritage Database Sources,,,,,"Grimm, Samuel Hieronymous"
ba4e045d-cd32-4bf4-9b82-478e42a54a11,,,,,,,,,,,,,1788,,,,,,,1784,,,Lincoln Cathedral chapterhouse,Drawing,,,1500,,,,Lincoln Heritage Database Sources,,,,,"Grimm, Samuel Hieronymous"
ba76062d-078c-47c1-b39d-094b19970775,,,,,,,Unpublished,,,,,,,,,,,,,,,,Collection of notebooks from local newspapers,Notebook,,,1737,,,,Lincoln Heritage Database Sources,,,,,"Binnall,  P."
baecaf3b-3eeb-464d-b10a-1846d788a473,,,,,,,,,,,,,1788,,,,,,,1784,,,"Lincoln Cathedral, from the road to Greetwell",Drawing,,,2643,,,,Lincoln Heritage Database Sources,,,,,"Grimm, Samuel Hieronymous"
bc3f7d02-5156-43b1-b97e-ad01cc7e58b7,,,,,,,,,,,,,1786,,,,,,,1784,,,Lincoln Cathedral interior; high altar.,Drawing,,,1501,,,,Lincoln Heritage Database Sources,,,,,"Grimm, Samuel Hieronymous"
bc5bad6a-b49c-45a4-8dfe-da9b7b522f69,,,,,,,,,,,,,,,,,,,,,,,High Street looking south to the Stonebow. A drawing,Drawing,,,1487,,,,Lincoln Heritage Database Sources,,,1818,,"Brooke, William Henry"
bd62e8e1-0cbd-4c62-9b82-e26675182d5a,,,,,,,,,,,,,1788,,,,,,,1784,,,"Roman Aqueduct, Nettleham Road",Drawing,,,1516,,,,Lincoln Heritage Database Sources,,,,,"Grimm, Samuel Hieronymous"
be8ba6be-9fbb-4873-a238-c40940784628,,,,,,,,,,,,,,,,,,,,,,,"St Catherines Allotments, Lincoln (survey plan of proposed housing in Derby Street, Weir Street, Colegrave Street and Altham Terrace for Thomas Martin, owner). Scale 33ft to 1 inch (1:396)",Map,,,1667,,,,Lincoln Heritage Database Sources,,,1876,,"Skill, William"
bf0a31c0-28e9-4050-97ff-4bb2eab02a8c,,,,,,,,,,,,,,,,,,,,,,,"A Plan of Lincoln Castle, with the premises adjoining",Map,,,2308,,,,Lincoln Heritage Database Sources,,,1832,,"Willson, E. J."
bf79cf5a-1ce0-4f63-a64e-d24b3ea93b9f,,,,,,,Ordnance Survey,,,,,,,,,,,,,,,,1:10000 map of Lincoln,Map,,,2060,,,,Lincoln Heritage Database Sources,,,1956,,Ordnance Survey
bff82331-d2fa-46bf-a93a-d1bfd269c805,,,,,,,,,,,,,,,,,,,,,,,Photographs of 29-31 Strait,Photograph,,,1913,,,,Lincoln Heritage Database Sources,,,2005,,"Gallagher, B."
c1879724-56d5-42da-afa2-deafc05ef2ec,,,,,,,,,,,,,1788,,,,,,,1784,,,"Lincoln, St Benedicts church",Drawing,,,2661,,,,Lincoln Heritage Database Sources,,,,,"Grimm, Samuel Hieronymous"
c6f4b6ae-143b-4c42-a43e-183d8f0eb649,,,,,,,,,,,,,1788,,,,,,,1784,,,"Lincoln Cathedral, south end",Drawing,,,2674,,,,Lincoln Heritage Database Sources,,,,,"Grimm, Samuel Hieronymous"
c72cc21f-4b77-4f2c-b9b1-9a9d384936d4,,,,,,,,,,,,,1827,,,,,,,1823,,,(Plan of Carholme Racecourse),Map,,,1957,,,,Lincoln Heritage Database Sources,,,,,"Padley, J. S."
c78e0e00-e6f0-4517-a5fc-705c5e435702,,,,,,,The Friends of Lincoln Cathedral,,,,,,,,,,,,,,,,Lincoln Muniments,Leaflet,,,1878,,,,Lincoln Heritage Database Sources,,,,,"Williamson, D. M."
caad9421-6a46-4d66-919f-bc769af3edb5,,,,,,,The Friends of Lincoln Cathedral,,,,,,,,,,,,,,,,"Oliver Sutton, Dean of Lincoln, later Bishop of Lincoln (1280-99)",Leaflet,,,1869,,,,Lincoln Heritage Database Sources,,,,,"Hill, R. M. T."
cc937d85-9bbc-4491-bbf6-7a9fc651ee0d,,,,,,,,,,,,,,,,,,,,,,,Plan of Skellingthorpe in the County of Lincoln (for Christs Hospital in London),Map,,,2712,,,,Lincoln Heritage Database Sources,,,1847,,"Hardy, W."
cd48b9bb-a76d-41fc-aa34-5730a317a58c,,,,,,,,,,,,,,,,,,,,,,,Roman wall discovered during Building Operations in Silver St Lincoln,Map,,,1437,,,,Lincoln Heritage Database Sources,,,1925,,Scorer and Gamble
ce6d19ff-218e-4100-a939-d2d9aa99427f,,,,,,,Ordnance Survey,,,,,,,,,,,,,,,,Reform Act Plan (based on OS Drawings of 1820),Map,,,1904,,,,Lincoln Heritage Database Sources,,,1832,,"Dawson, R. K."
d0746487-b17f-4eaa-a8d3-087e17faa945,,,,,,,,,,,,,1788,,,,,,,1784,,,"Lincoln, vault under the Freeschool",Drawing,,,2657,,,,Lincoln Heritage Database Sources,,,,,"Grimm, Samuel Hieronymous"
d120e33f-b493-41ae-938d-259fde401b8c,,,,,,,,,,,,,,,,,,,,,,,"Lincoln, Vicars College",Drawing,,,2649,,,,Lincoln Heritage Database Sources,,,1788,,"Grimm, Samuel Hieronymous"
d12844bf-5089-44f4-9e31-d1c90ab4505d,,,,,,,,,,,,,,,,,,,,,,,Plan of the City of Lincoln,Map,,,1222,,,,Lincoln Heritage Database Sources,,,1842,,"Padley, J. S."
d1ed3125-d3c1-4300-a490-0c0bcf39d205,,,,,,,Lincolnshire County Council,,,,,,,,,,,,,,,,Anglo-Saxon Lincolnshire 400-600 AD,Leaflet,,,519,,,,Lincoln Heritage Database Sources,,,1983,,"White, A. J."
d20c99ff-cb7e-40d7-befe-3fd1c175a1b6,,,,,,,Ancestry.co.uk,,,,,,,,,,,,,,,,Census of 1841,Webpage,,,2679,,,,Lincoln Heritage Database Sources,,,1841,,Registrar General of England
d2822525-5298-4a5d-959d-e06af4044227,,,,,,,The Friends of Lincoln Cathedral,,,,,,,,,,,,,,,,Romanesque sculpture at Lincoln Cathedral,Leaflet,,,847,,,,Lincoln Heritage Database Sources,,,1970,,"Zarnecki, George"
d614358f-864e-4f20-a7ef-2219f56fa5f8,,,,,,,,,,,,,1788,,,,,,,1784,,,"Lincoln, St Peter at Arches",Drawing,,,2659,,,,Lincoln Heritage Database Sources,,,,,"Grimm, Samuel Hieronymous"
d6a2f29d-ee85-4438-9d23-8b0dc88736f9,,,,,,,Ordnance Survey,,,,,,,,,,,,,,,,1:2500 map of Lincoln,Map,,,1208,,,,Lincoln Heritage Database Sources,,,1888,,Ordnance Survey
d7a59c2c-d8dd-473e-9163-4e103266a74e,,,,,,,Unpublished,,,,,,,,,,Digital copy in LHD Sources file.,,,,,,How much of Lincolns heritage was destroyed in the slum clearance programme in the uphill area since 1930?,Manuscript,,,2956,,,,Lincoln Heritage Database Sources,,,1997,,"Payne, S."
d9b52f36-c248-4adb-bb1b-2d629de0628e,,,,,,,Lincolnshire County Council,,,,,,,,,,,,,,,,Lincoln friaries,Leaflet,,,514,,,,Lincoln Heritage Database Sources,,,1979,,"White, A. J."
de9231c3-e87a-4bd1-aab1-1c7e6f65f6d3,,,,,,,,,,,,,1786,,,,,,,1784,,,Church and vicarage of St Mary le Wigford and St Marys Conduit,Drawing,,,1505,,,,Lincoln Heritage Database Sources,,,,,"Grimm, Samuel Hieronymous"
e0b45e05-d890-49b2-b626-c14ddb7d8a83,,,,,,,,,,,,,1786,,,,,,,1784,,,"Lincoln, Vicars College from the north",Drawing,,,2647,,,,Lincoln Heritage Database Sources,,,,,"Grimm, Samuel Hieronymous"
e1a0fae3-55b9-45e1-aa86-82f4c02f3d12,,,,,,,,,,,,,,,,,Copy in report for DP,,,,,,The Packhorse Inn. Plan; scale 2 chains to 1 inch.,Map,,,1544,,,,Lincoln Heritage Database Sources,,,1827,,"Padley, J. S."
e3386b14-5b34-4b80-920e-3d4c64d79c26,,,,,,,,,,,,,,,,,,,,,,,The South West Prospect of Lincoln Castle,Engraving,,,1495,,,,Lincoln Heritage Database Sources,,,1727,,"Buck, Samuel"
e5e01e25-17ac-4aa2-9ab0-5443fa7572d0,,,,,,,,,,,,,,,,,,,,,,,Lindum Colonia,Map,,,1150,,,,Lincoln Heritage Database Sources,,,1722,,"Stukeley, W."
e7190eff-b956-4700-9ef7-fdc02b21e097,,,,,,,,,,,,,1786,,,,,,,1784,,,"Lincoln, St Peter in Eastgate",Drawing,,,1503,,,,Lincoln Heritage Database Sources,,,,,"Grimm, Samuel Hieronymous"
e81dd49c-509e-45e0-8f93-bf2ae91944f8,,,,,,,,,,,,,1788,,,,,,,1784,,,"Lincoln, The Old Hospital",Drawing,,,2662,,,,Lincoln Heritage Database Sources,,,,,"Grimm, Samuel Hieronymous"
e90785ee-b179-4f25-95c5-8b69c2b647d1,,,,,,,The Friends of Lincoln Cathedral,,,,,,,,,,,,,,,,The Nineteenth Century Stained Glass in Lincoln Minster,Leaflet,,,1874,,,,Lincoln Heritage Database Sources,,,,,"Binnall,  P. B. G."
e910183b-a088-40d6-a5d3-2319dae48fc6,,,,,,,,,,,,,,,,,,,,,,,"Plan of Lincoln in 1779, an inset from a map of Lincolnshire",Map,,,1494,,,,Lincoln Heritage Database Sources,,,1779,,"Armstrong, A. ndrew"
e93ea7cf-40dc-4a42-a218-acf8ed045ebb,,,,,,,,,,,,,,,,,,,,,,,Estate called Old Lincoln on Lease to Mrs Grace Bromhead 1824,Photocopy,,,2104,,,,Lincoln Heritage Database Sources,,,1824,,
e9653a46-41a9-4887-8005-73a269fc58e9,,,,,,,,,,,,,1788,,,,,,,1784,,,"Lincoln, courtyard of the old house near St Peters",Drawing,,,2664,,,,Lincoln Heritage Database Sources,,,,,"Grimm, Samuel Hieronymous"
ec07b8f3-3785-482b-9e54-60b74f9aa279,,,,,,,,,,,,,1788,,,,,,,1784,,,"Lincoln, Norman gateway on the old house near St Peters",Drawing,,,2663,,,,Lincoln Heritage Database Sources,,,,,"Grimm, Samuel Hieronymous"
edc2af78-2537-4e64-af2f-c50b34518bd1,,,,,,,,,,,,,1788,,,,,,,1784,,,"Lincoln, St Mary Le Wigford, Water Conduit",Drawing,,,2667,,,,Lincoln Heritage Database Sources,,,,,"Grimm, Samuel Hieronymous"
ee5451e0-78e8-4e2c-a24a-50bce7ce0a50,,,,,,,,,,,,,1788,,,,,,,1784,,,"Roman Aqueduct, Nettleham Road",Drawing,,,1517,,,,Lincoln Heritage Database Sources,,,,,"Grimm, Samuel Hieronymous"
ee638fc3-27dd-47a7-93fe-58c97078eaa1,,,,,,,Michael Drury,,,,,,,,,,,,,,,,Plan of Building Sites in the Parish of St. Botolph in the City of Lincoln,Map,,,1587,,,,Lincoln Heritage Database Sources,,,1883,,"Drury, Michael"
ef6c890d-4c23-4a8c-999a-7bceaf899fa5,,,,,,,,,,,,,1788,,,,,,,1784,,,"Lincoln, the Chequer",Drawing,,,2650,,,,Lincoln Heritage Database Sources,,,,,"Grimm, Samuel Hieronymous"
ef9f8a70-1769-4016-baf0-a2c31a3974e0,,,,,,,,,,,"Local Studies Collection, Central Library, Lincoln.",,,,,,"Copy of manuscript in Local Studies Collection, Central Library, Lincoln.",,,,,,Lincoln Inns,Manuscript,,,1240,,,,Lincoln Heritage Database Sources,,,1935,,"Exley, C. L."
f0fddac0-ad97-4d3a-853c-9f5db579c1d7,,,,,,,,,,,,,1786,,,,,,,1784,,,"Lincoln Cathedral, near the chapterhouse",Drawing,,,2645,,,,Lincoln Heritage Database Sources,,,,,"Grimm, Samuel Hieronymous"
f1159b77-2502-4ba3-86b1-5dffb005f599,,,,,,,,,,,,,,,,,,,,,,,The South-west prospect of the City of Lincoln,Engraving,,,1430,,,,Lincoln Heritage Database Sources,,,1743,,"Buck, Samuel  and Nathaniel"
f145266e-2ec3-4b4f-aa15-2f7981a512c5,,,,,,,,,,,,,,,,,,,,,,,Newport Arch from the north,Image,,,2551,,,,Lincoln Heritage Database Sources,,,1789,,"Nattes, J. C."
f2008f05-1a8e-4fba-b44b-b4c6bb62dcd6,,,,,,,Unpublished,,,,,,,,,,,,,,,,Notes on Big Wesley February 2004,Manuscript,,,2961,,,,Lincoln Heritage Database Sources,,,2004,,"Mills, D."
f227168d-ca79-47cf-88cc-05c24e99419c,,,,,,,,,,,,,,,,,,,,,,,Steep Hill looking north. A drawing,Drawing,,,1489,,,,Lincoln Heritage Database Sources,,,1818,,"Brooke, William Henry"
f22d02a0-f95e-476d-b295-be53ddc8c5e6,,,,,,,,,,,,,1786,,,,,,,1784,,,"Lincoln, a house near Closegate (Clasgate?)",Drawing,,,1509,,,,Lincoln Heritage Database Sources,,,,,"Grimm, Samuel Hieronymous"
f3936fbd-efc3-40a4-b8ed-0a4878883b17,,,,,,,,,,,,,1788,,,,,,,1784,,,"Lincoln Cathedral, chapterhouse",Drawing,,,2670,,,,Lincoln Heritage Database Sources,,,,,"Grimm, Samuel Hieronymous"
f3c0257f-3fa3-482e-9d04-087eb2b26d1e,,,,,,,Lincolnshire County Council,,,,,,,,,,,,,,,,"St Marys Conduit, Lincoln",Leaflet,,,515,,,,Lincoln Heritage Database Sources,,,1980,,"White, A. J."
f55dde8b-d99b-4012-91f3-5dafb2e47581,,,,,,,,,,,British Museum,,1786,,,,In British Museum,,,1784,,,Lincoln Castle from the south west,Drawing,,,2633,,,,Lincoln Heritage Database Sources,,,,,"Grimm, Samuel Hieronymous"
f636b39f-7bf2-474e-990d-85c7f58baacc,,,,,,,Ordnance Survey,,,,,,,,,,,,,,,,1:2500 map of Lincoln,Map,,,1209,,,,Lincoln Heritage Database Sources,,,1932,,Ordnance Survey
f6f539b9-5a85-45da-a9f1-ce1890158857,,,,,,,,,,,,,,,,,,,,,,,Lincolnshire Chronicle,Newspaper Article,,,2753,,,,Lincoln Heritage Database Sources,,,,,
f707cd9d-9132-433e-aabb-022fff3bc10b,,,,,,,,,,,,,,,,,,,,,,,"Lincoln, Rutland & Stamford Mercury",Newspaper Article,,,1143,,,,Lincoln Heritage Database Sources,,,,,
f73ccbdc-28a1-403a-bd7f-e7bc3a5733ec,,,,,,,Unpublished,,,,,,,,,,,,,,,,Lincoln Smiths Bank founded 1775.,Manuscript,,,1571,,,,Lincoln Heritage Database Sources,,,1980,,"Winfield, Simon"
fae70740-ab83-46b2-b949-96cd2c35dee6,,,,,,,The Friends of Lincoln Cathedral,,,,,,,,,,,,,,,,The Roof Bosses of Lincoln Minster,Leaflet,,,1868,,,,Lincoln Heritage Database Sources,,,1949,,"Cave, C. J. P."
fd6b9d6e-ffd2-4d50-afca-2daa01d52590,,,,,,,The Friends of Lincoln Cathedral,,,,,,,,,,,,,,,,"Michael Honywood, Dean of Lincoln (1660-8)",Leaflet,,,1872,,,,Lincoln Heritage Database Sources,,,,,"Srawley, Rev. Canon J. H."
fdf5afca-8f44-4379-91e3-545664a9b875,,,,,,,Unpublished,,,,Lincoln Central Library,,,,,,"Files in Lincoln Central Library, in locked cabinet and on microfilm",,,,,,"Collection of c90 bound scrapbook albums of news cuttings, illustrations, ephemera and notes on a variety of Lincoln themes",Manuscript,,,2102,,,,Lincoln Heritage Database Sources,,,1960,,"Abell, E. I."
feb28f8e-0ab0-4930-8510-d5321affc25c,,,,,,,,,,,,,1786,,,,,,,1784,,,Lincoln Cathedral Palace,Drawing,,,1498,,,,Lincoln Heritage Database Sources,,,,,"Grimm, Samuel Hieronymous"
ff0a4f4d-854c-4b04-972b-5f03820f4c9e,,,,,,,,,,,,,,,,,,,,,,,Lincs Chronicle 1851,Newspaper Article,,,1711,,,,Lincoln Heritage Database Sources,,,1851,,
